Date,AAPL,MSFT,GOOGL,AMZN,NVDA,JPM,XOM,JNJ,PG,BRK-B
2022-01-04,0.24999999942989348,0.09999999985413648,0.09999999804977894,1.0477005605759944e-09,0.10000000091853553,0.05000000078334011,0.09999999990060543,0.09999999987529029,0.10000000022775325,0.09999999991296596
2022-02-03,0.24999999963703715,0.09999999979189826,0.09999999814441347,2.727914991042505e-10,1.5688880419210659e-09,4.077698659539572e-10,0.25000000005662687,0.09999999984599038,0.10000000026061015,0.10000000001397442
2022-03-07,0.2499999994219983,2.2380118123241826e-10,0.050000000110742335,0.0,9.449547648960365e-11,0.0,0.2499999999953127,0.10000000022130619,0.10000000025936838,0.24999999967297534
2022-04-05,0.24999999975872797,7.803549723895218e-10,0.04999999742017241,1.936779496525705e-09,0.14999999946348888,0.0,0.2499999999104005,0.05000000087074695,0.0,0.24999999985932883
2022-05-05,0.24999999989218416,7.221826700391029e-10,0.049999997349643964,4.885449649978238e-10,3.974701603457818e-10,1.0666447300106024e-11,0.25000000002775413,0.20000000110196178,8.899822654683602e-11,0.24999999992059352
2022-06-06,0.10000000054701039,5.812793835227973e-10,0.04999999698406636,3.120370024011115e-10,2.476594790878207e-10,0.14999999879874823,0.2500000000192353,0.20000000261312986,7.188039479891772e-11,0.24999999982495372
2022-07-07,0.10000000068468427,4.2376996476935945e-09,0.049999997418993726,3.312462898526049e-10,0.0,2.4204974009013316e-08,0.24999999985312354,0.249999999713321,0.09999999866177824,0.24999997489417927
2022-08-05,0.10000000083818845,3.922808027749535e-09,0.04999999706404799,0.1500000018309243,3.8894249423653654e-10,3.165199699792087e-09,0.24999999670929113,0.10000002490178772,0.09999999779643858,0.24999997338237165
2022-09-06,0.14999999939042452,1.862104779290627e-09,1.153979192816902e-09,0.24999999951766216,0.0,2.810174588840363e-09,0.2499999999804583,0.10000002452850357,0.09999999412945525,0.14999997662723763
2022-10-05,0.09999999370542914,1.730700094108335e-09,9.550114574883586e-10,0.24999999962618688,1.1604303765245897e-10,2.8161542026545493e-09,0.24999999999369282,0.18566555082548009,4.769340476643104e-10,0.21433444975436808
2022-11-03,0.09999999369448084,1.2429252138718688e-09,2.563230029847754e-10,0.09999999968751265,1.7558039459898685e-10,0.15000000309767186,0.25000000004040973,0.18566555115200367,5.350074868151579e-10,0.21433445011808505
2022-12-05,0.04999999335450376,8.894376827363885e-10,3.749631906112526e-11,0.0,0.15000000089405469,0.1500000031612894,0.24999999982131493,0.1856655510532999,6.395923277836231e-10,0.21433445014901087
2023-01-05,0.0,0.0,0.0,0.0,0.04999999631585977,0.24999999928416394,0.24999999912111073,0.1856655515128278,0.04999999930150176,0.214334454464536
2023-02-06,5.373372620282913e-11,0.0,6.780835475072514e-11,0.0,0.19999999671418384,0.2499999992701392,0.24999999897096314,0.03566555175238007,0.049999999117718484,0.2143344540530732
2023-03-08,0.09999999654323603,4.695169917012021e-11,1.1255417113023817e-11,0.0,0.24999999999818512,0.18566555148754363,0.24999999818172433,0.0,1.4407763552248405e-10,0.2143344535870261
2023-04-06,0.0999999965860964,0.14999999870252936,4.05500195915684e-10,1.429261893273241e-10,0.25000000003206346,0.035665551158487734,0.2499999989409208,1.5564850117757198e-10,3.235911417129688e-10,0.2143344535522362
2023-05-08,0.14999999472122352,0.24999999989792113,6.667071513641638e-10,8.795283351530875e-10,0.2500000000668826,0.03566555068205396,0.09999999861075545,1.0531148651418421e-10,1.054139835573376e-09,0.2143344533154765
2023-06-07,0.14999999409378287,0.24999999950788312,5.590870578260917e-09,0.14999999469063885,0.2500000000534184,7.265858256198422e-10,3.5098206636952123e-10,0.0,0.0,0.2000000049858382
2023-07-10,0.19999998827931983,0.2499999976749871,1.935298826654374e-09,0.24999999438524498,0.24999999983939075,9.210704685867974e-10,0.0,0.0,0.0,0.050000016964687956
2023-08-08,0.0499999874265438,0.24999999783939575,0.14999999676168962,0.24999999942002257,0.25000000003573536,1.0166617046959188e-09,5.142782943662685e-11,2.846800236172979e-10,1.8714104427619154e-10,0.05000001697670227
2023-09-07,2.2933516713463408e-10,0.14999998692533845,0.150000188880574,0.24999999952190302,0.24999999998079958,3.086207121075099e-10,0.14999980701000376,1.1747813694042921e-10,1.8356038565261533e-10,0.05000001684238686
2023-10-06,4.87207707609231e-10,0.20000017485058175,0.25000000005142775,0.0999999998831891,0.25000000005142775,2.7712360902626963e-10,0.14999980721696043,1.9001102455982216e-10,0.0,0.05000001699207089
2023-11-06,2.0425178542089535e-10,0.24999999549032806,0.2499997990871899,0.20000018033568664,0.24999999985025134,0.0,8.605788483033359e-09,0.0,1.058166200382944e-10,0.05000001632068732
2023-12-06,4.65846668332179e-09,0.24999999794273844,0.09999980661574567,0.24999998696329684,0.2499999992354287,0.10000018866059035,0.0,5.129142144662333e-10,0.0,0.05000001541081909
2024-01-08,0.0,0.24999999777167523,6.763099716835396e-10,0.19999979786973326,0.24999999982804516,0.24999999994819255,0.0,1.8863852139250012e-07,0.0,0.05000001526752251
2024-02-07,0.0,0.24999990457771118,3.1602578271133686e-10,0.24999999985556134,0.25000000006242595,0.10000037286078352,0.0,4.338572838705267e-11,1.5600239786078934e-09,0.1499997207240824
2024-03-08,0.0,0.09999992706855511,0.0,0.2499999999693248,0.25000000000105616,0.24999999750606303,3.559306140431372e-07,1.2120896806205851e-10,1.3269978715430702e-09,0.14999971807618
2024-04-09,0.0,0.09999963844401233,4.996700876897229e-10,0.24999999963786143,0.24999999989432298,0.24999999794847785,0.15000035403099224,0.0,0.0,9.544662955740277e-09
2024-05-08,0.0,2.3329686604326025e-10,0.15000000096291002,0.2499999995691909,0.249999999964933,0.2499999968247153,0.09999999942701437,0.0,0.0,3.0179395314131415e-09
2024-06-07,0.0500000002466503,1.2814411275562944e-09,0.24999999672759202,0.24999999041994403,0.2500000001522978,0.20000000092440284,6.3868379412377246e-09,3.010043254136924e-11,1.9222195941645955e-09,1.908514013320618e-09
2024-07-10,0.20000000116951291,7.867109489844159e-10,0.24999999709945014,0.2499999906391302,0.2500000000184186,0.05000000981467567,1.2408146958515518e-10,0.0,1.8830807516602606e-10,1.5971208709741055e-10
2024-08-08,0.2000000017648892,5.089239258071012e-10,0.24999999662543132,0.09999999051877236,0.24999999784980628,0.05000001014685222,1.2986390393468475e-09,0.1499999990051958,6.630694333160222e-10,1.6184203638215997e-09
2024-09-09,0.20000000216919042,4.240303839380486e-10,0.09999999605086207,0.09999999042658829,0.24999999662892072,0.05000001041090033,1.2281987743975383e-09,0.15000000552622397,1.2603287397463497e-09,0.14999999587475626
2024-10-08,0.20000000204522306,1.289540148440406e-10,0.04999998067269564,6.812047762341663e-09,0.24999999893981487,0.050000010353022414,0.14999999945737322,0.15000000525356375,5.176024447692861e-10,0.14999999581970294
2024-11-06,0.20000000175684163,0.0,0.04999998066134844,0.15000000654820436,0.24999999963088676,0.050000010373699035,0.14999999937175557,5.854620494348265e-09,2.0300929791453327e-10,0.14999999559963437
2024-12-06,0.20000000268800397,2.0873566303952988e-10,0.04999998078975287,0.2500000000520474,0.2499999999056139,0.10000001664885803,2.3877170760067144e-09,1.2874169070686785e-09,2.737836450258204e-10,0.14999999575807058
2025-01-08,0.2000000023324475,0.0,0.19999998217754625,0.24999999953079427,0.24999999906740758,0.10000001672242759,1.693768038368989e-10,0.0,0.0,0.0
2025-02-10,0.050000003401855876,0.0,0.19999998332955815,0.2500000005591615,0.2499999999868605,0.2500000005591615,5.813438526796059e-10,4.180541606109248e-09,2.0669053079272143e-09,5.334611613688396e-09
2025-03-12,0.050000003179374086,1.5904311521487954e-11,0.19999998325788879,0.24999999975429577,0.10000000052803197,0.24999999974936465,7.419992279466621e-10,0.15000000505773856,2.3541789403117115e-09,5.361223536442397e-09
2025-04-10,0.0,2.17486707119296e-10,0.09999998776953335,0.24999999872957523,0.1000000003798045,0.2499999989376914,2.702894224827989e-10,0.1500000044353527,1.591576181754683e-09,0.15000000766869048
2025-05-12,0.0,0.15000000086992915,0.0,0.24999999851805615,0.10000000035162197,0.24999999900054562,7.674574808843333e-11,0.09999999326865339,4.707726332426748e-10,0.1500000074436753
2025-06-11,5.1570817745723636e-11,0.15000000132012106,3.301688147474991e-10,0.24999999893667918,0.24999999995267094,0.24999999926899605,1.1527271730162856e-10,0.09999999332765423,3.5659372668047977e-10,6.3402724711571766e-09
2025-07-14,0.0,0.24999999998711087,6.834063808644267e-11,0.24999999991900138,0.24999999998864064,0.24999999991261307,1.2429353838362512e-10,0.0,0.0,0.0
2025-08-12,5.482305196044391e-10,0.2499999997493812,0.1499999988905553,0.10000000075137944,0.24999999993651484,0.24999999965178551,0.0,4.721531601736759e-10,0.0,0.0
2025-09-11,3.9430899697092586e-10,0.10000000141779081,0.2500000000651611,0.10000000038504586,0.2500000000651611,0.24999999956269703,1.413548062599446e-10,0.04999999796848033,0.0,0.0
2025-10-10,4.317410155679583e-09,0.09999998851119188,0.24999999984298515,4.994490807544101e-10,0.24999999984298515,0.20000001385933963,0.0,0.19999999312663885,0.0,0.0
2025-11-10,4.2597939087840135e-08,0.0,0.24999999999381062,0.14999996077884215,0.24999999929465463,0.2000000137331649,1.877415253365289e-10,0.14999998335566914,0.0,5.8177965851876304e-11
2025-12-10,0.15000004145263568,2.920254113106681e-11,0.2499999999896123,0.14999996064002807,0.24999999925650557,0.05000001412343969,5.014298649829061e-10,0.14999998393912312,0.0,6.802323132762794e-11
2026-01-12,4.12105868618326e-08,1.797737206322768e-11,0.25000000002525385,0.24999999943522136,0.24999999928259842,0.050000014503349274,0.04999996136554658,0.14999998405155504,0.0,1.0791122132140958e-10
2026-02-11,4.093895607753417e-08,0.0,0.24999999998650185,0.09999999902007599,0.24999999935890116,0.050000014446838055,0.19999996191481625,0.1499999841218624,9.727728010051437e-11,1.1477086043596248e-10
2026-03-13,4.092682354121328e-08,0.0,0.24999999975974493,1.2769984047786907e-08,0.24999999931434533,3.8116435264983804e-10,0.24999999970296377,0.24999994708139994,2.4996886994463005e-11,3.857715050040607e-11
2026-04-14,4.625984961630006e-09,0.0,0.24999999861474284,0.15000001387641435,0.24999999798523886,6.024027589831796e-10,0.24999999817553203,0.09999998611968414,0.0,0.0
2026-05-13,0.05000001244932891,0.0,0.2500000000364533,0.2500000000364533,0.2500000000364533,0.0,0.19999998744131126,0.0,0.0,0.0
2026-06-12,0.20000000477947005,0.0,0.25000000000770084,0.10000000012113243,0.25000000000770084,8.754899673493039e-11,0.19999998742756386,7.518508864122447e-09,3.572040938124245e-11,1.4653738709029887e-11
2026-07-15,0.20000000510724586,0.0,0.2499999995991673,0.09999999993888596,0.2499999999580468,0.14999999971870956,0.04999998803807059,7.63987402874671e-09,0.0,0.0
2026-08-13,0.20000000501106135,0.15000000011015469,0.09999999971715436,0.09999999993400416,0.24999999995581487,0.14999999973383124,0.0499999880205522,7.51742716334083e-09,0.0,0.0
